{"cameraMode":{"drawMode":0,"name":"Shaded","section":"Shading Mode"},"sceneLighting":false,"audioPlay":false,"sceneViewState":{"showFog":false,"showMaterialUpdate":false,"showSkybox":false,"showFlares":false,"showImageEffects":false,"showParticleSystems":false,"showVisualEffectGraphs":true,"m_FxEnabled":true},"in2DMode":false,"pivot":{"x":0.0007578730583190918,"y":0.8954259157180786,"z":0.024176329374313356},"rotation":{"x":-0.0003668099525384605,"y":-0.9993584752082825,"z":0.010802694596350193,"w":-0.034201961010694507},"size":1.0154223442077637,"orthographic":false}