{"cameraMode":{"drawMode":0,"name":"Shaded","section":"Shading Mode"},"sceneLighting":true,"audioPlay":false,"sceneViewState":{"showFog":true,"showMaterialUpdate":false,"showSkybox":true,"showFlares":true,"showImageEffects":true,"showParticleSystems":true,"showVisualEffectGraphs":true,"m_FxEnabled":true},"in2DMode":false,"pivot":{"x":18.249521255493165,"y":2.200366258621216,"z":46.11846923828125},"rotation":{"x":-0.0018241741927340627,"y":-0.9981714487075806,"z":0.04225717484951019,"w":-0.04315784573554993},"size":1.5073950290679932,"orthographic":false}