{"cameraMode":{"drawMode":0,"name":"Shaded","section":"Shading Mode"},"sceneLighting":true,"audioPlay":false,"sceneViewState":{"showFog":true,"showMaterialUpdate":false,"showSkybox":true,"showFlares":true,"showImageEffects":true,"showParticleSystems":true,"showVisualEffectGraphs":true,"m_FxEnabled":true},"in2DMode":false,"pivot":{"x":22.986310958862306,"y":7.0271525382995609,"z":75.97518920898438},"rotation":{"x":0.000005153372057975503,"y":0.9999879002571106,"z":0.0041910079307854179,"w":-0.0011985754827037454},"size":6.7036824226379398,"orthographic":false}